title,category,reference
crypto Currency Price Info,HTML & CSS,https://github.com/surabhiojha12/Certificate_creation-
Responsive Portfolio,HTML & CSS,https://github.com/bedimcode/portfolio-responsive-complete
Roadmap for Developers,HTML & CSS,https://github.com/kamranahmedse/developer-roadmap
Photography Site,HTML & CSS,https://github.com/JoaoFranco03/photography-portfolio
Technical Documentation Wiki,HTML & CSS,https://github.com/naemazam/Technical-Documentation-Page
Survey Forms,HTML & CSS,https://github.com/lazy-geek/survey-form
Comic Reading Site,HTML & CSS,https://github.com/afzafri/Web-Comic-Reader/tree/master
Fashion eCommerce Website,HTML & CSS,https://github.com/wpcodevo/lc28-fashion-ecommerce-website
Restaurant Management System,HTML & CSS,https://github.com/ankithcrgowda/Responsive-Restaurant-Website
Event Management Website,HTML & CSS,https://github.com/roniy68/event-management
Product Landing Page,HTML & CSS,https://github.com/FreeCodeCamp-Solutions/Product-Landing-Page
Travel Agency Landing Page,HTML & CSS,https://github.com/adityamamta/travel-one-page-website
Tribute Page,HTML & CSS,https://github.com/kalawaja/freeCodeCamp_tributePage
Parallax Site,HTML & CSS,https://github.com/VineetKumar02/Parallax-Website
Weather Suggestions (Landing Page),HTML & CSS,https://github.com/Himanshu3412/Weather-Forecast
Event or Conference Page,HTML & CSS,https://github.com/harshi0102/ConferencePage
Online Store Page,HTML & CSS,https://github.com/lassiecoder/E-CommerceWebsite
Restaurant (Landing Page),HTML & CSS,https://github.com/SrajanAgrawal/Restaurant-Landing-Page
Quiz Game,HTML & CSS,https://github.com/jamesqquick/Build-A-Quiz-App-With-HTML-CSS-and-JavaScript
Podcast Website,HTML & CSS,https://github.com/codewithsadee/micro
Courses Website,HTML & CSS,https://github.com/keerti1924/E-Learning-Website-HTML-CSS
Food Delivery Tracking Website,HTML & CSS,https://github.com/shivamjain1/Online-food-ordering-app
Music Store Page,HTML & CSS,https://github.com/Zulhaditya/orbis-store
Simple Admission form,HTML & CSS,https://github.com/kumarsuraj345678/Student-Registration-Form
CSS Image Gallery,HTML & CSS,https://github.com/Jonesdl-2785/image-gallery-html-css
Custom Scroll Bar,HTML & CSS,https://github.com/Grsmto/simplebar?tab=readme-ov-file
Score Landing Page,HTML & CSS,https://github.com/mnassarhub/responsive-landing-page
Info Page using apis,HTML & CSS,https://github.com/BoddepallyVenkatesh06/Build--Website-using-an-API-with-HTML-JavaScript-and-JSON
Virtual Classroom,HTML & CSS,https://github.com/nirmalnishant645/Virtual-Classroom
ToDo App,JavaScript,https://github.com/CodeStudio-Content/To-Do-List-JavaScript
Tic Tac Toe Game,JavaScript,https://github.com/vasanthk/tic-tac-toe-js
JS Quiz App,JavaScript,https://github.com/yashcrest/JavaScript-Quiz-App
Expense Manager,JavaScript,https://github.com/Jdecho1118/Expense-Tracker
COVID CheckUp Test,JavaScript,https://github.com/pranjay-poddar/Covinex
Calculator,JavaScript,https://github.com/WebDevSimplified/Vanilla-JavaScript-Calculator
Animation in Web Design,JavaScript,https://github.com/web-animations/web-animations-js
Flappy Bird Game,JavaScript,https://github.com/aaarafat/JS-Flappy-Bird
Snake Game,JavaScript,https://github.com/mohdriyaan/snake-game
Maze Game,JavaScript,https://github.com/husseinaltaaf/Maze-Game-JavaScript
JavaScript Map,JavaScript,https://github.com/heremaps/maps-api-for-javascript-examples
Random Quotes Generator,JavaScript,https://github.com/RichardJamesWard/JS-Random-Quote-Generator
Light Switch Effect,JavaScript,https://github.com/romeojeremiah/javascript-light-switch-project
Sudoku Solver,JavaScript,https://github.com/ayushichoudhary-19/SudokuSolver
Nano ID,JavaScript,https://github.com/ai/nanoid
Prettier,JavaScript,https://github.com/prettier/prettier
Banking System,JavaScript,https://github.com/harshshah1306/Online-Banking-System
Space Invaders Game,JavaScript,https://github.com/yojoecool/SpaceInvaders
Memory (Card game),JavaScript,https://github.com/taniarascia/memory
Drum Kit,JavaScript,https://github.com/git-vaibhav30/Drum-Kit
The RGB Color Game,JavaScript,https://github.com/GovindCodes/ColorGame
Dice Game,JavaScript,https://github.com/Hashuudev/Dice-Game
Music App,JavaScript,https://github.com/codewithsadee/music-player
Tip Calculator,JavaScript,https://github.com/nidhiupman568/TIP-CALCULATOR-HTML-CSS-JS-
Color Palette App,JavaScript,https://github.com/katecoded/color-palette-app
Virtual Drums App,JavaScript,https://github.com/Alexoid1/Virtual-Drum
Dice Roll,JavaScript,https://github.com/dice-roller/rpg-dice-roller
Weather App,JavaScript,https://github.com/Prince-Shivaram/Simple-Weather-App
Hangman Game,JavaScript,https://github.com/samruddhisomani/js-hangman
Transaction Limiter (Splitwise App Clone),JavaScript,https://github.com/PawanSirsat/SplitWise
Patatap Game,JavaScript,https://github.com/cdclaw/patatap-game
URL Shortener,JavaScript,https://github.com/surishortlink/suri
ID Card Generator,JavaScript,https://github.com/RahulBRB/ID-Card-Generator
Movie Seat Booking App,JavaScript,https://github.com/nathanifill/movie-seat-booking
Exchange Rate Calculator,JavaScript,Real Time Currency Converter
Whack-A-Mole Game,JavaScript,https://github.com/kubowania/whac-a-mole
Word Scramble,JavaScript,https://github.com/jeskodes/word-scramble
Rock-Paper-Scissors Game,JavaScript,https://github.com/chauhan-hardik/Rock-Paper-Scissors
BMI Calculator,JavaScript,https://github.com/AbinandhMJ/BMI-Calculator
Random Joke AJAX Project,JavaScript,https://github.com/ryanbyrne28/project-1
Countdown Timer Project,JavaScript,https://github.com/sanjudhritlahre/JS-CountDown-Timer
Fruit Cutter Game,JavaScript,https://github.com/AchillesKarki/fruits-slice-game
Seat Booking App,JavaScript,https://github.com/Rajnandanibais/seatbookingapp
Chinese Checkers Game,JavaScript,https://github.com/fakegeek/Chinese-Checkers
HoverBoard,JavaScript,https://github.com/adnanaheer/hoverboard-with-javascript
Time Table Maker,JavaScript,https://github.com/Sight-Innovation/Auto-TimeTable-Generator-for-Schools
Testimonial Slider,JavaScript,https://github.com/refinedguides/testimonial-slider
Contact Form For Portfolio with Firebase as Realtime DB,JavaScript,https://github.com/bradtraversy/firebasecontact
Crossword Solver,JavaScript,https://github.com/ajvillegas/crossword-solver
ToDo App,React JS,https://github.com/ShaifArfan/react-todo-app
Weather App,React JS,https://github.com/s-shemmee/React-Weather-App
Recipe search App,React JS,https://github.com/itisameerkhan/react-recipe-app
eCommerce app,React JS,https://github.com/ssahibsingh/React_E-Commerce
GitHub Issues Page,React JS,https://github.com/ankitious/github-issues-page?tab=readme-ov-file
An Entertainment App,React JS,https://github.com/yashbhanu/CineMatix-Entertainment-App-ReactJS
GitHub User Finding by Name,React JS,https://github.com/Subhampreet/Github-Profile-Finder-ReactJS
Music Streaming Application (FrontEnd),React JS,https://github.com/onamkrverma/okv-music
Crypto Currency Price Info,React JS,https://github.com/alimazhar4/Live-Crypto-Price-Tracker-in-React
GitHub Finder,React JS,https://github.com/bradtraversy/github-finder
Random Quote Generator,React JS,https://github.com/autumnchris/random-quote-machine-reactjs
Generate Devoloper Portfolio Website using LinkedIn API,React JS,https://github.com/waseemhnyc/LinkedIn-to-Portfolio-Site-Generator
Netflix Clone,React JS,https://github.com/JosinJojy/Netflix-reactjs
Messaging App,React JS,https://github.com/DulanjaliSenarathna/react-chat-app
My Diary,React JS,https://github.com/allsimpledevcode/my-diaries-front-end
Calculator,React JS,https://github.com/shakti1590/React-Calculator
Emoji Search,React JS,https://github.com/PragatiVerma18/Emoji-Search
Snap Shot,React JS,https://github.com/Yog9/SnapShot
BMI Calculator,React JS,https://github.com/AnithaGunasekaran/react-bmi-calculator
Image Compressor,React JS,https://github.com/Rahul-Pandey7/react-image-compressor
Hostel Management System,React JS,https://github.com/mohd-ravish/Hostel-Management-In-React
Typing Speed Tester App,React JS,https://github.com/awran5/react-typing-speed-test-game
Quiz App,React JS,https://github.com/VINAYAK9669/React-QuizApp
Uber Clone,React JS,https://github.com/DevlinRocha/uber-clone
AirBnB Clone,React JS,https://github.com/CleverProgrammer/airbnb-clone
Instagram Clone,React JS,https://github.com/Subhampreet/Instagram-Clone-ReactJS
Whatsapp Clone,React JS,https://github.com/muga-mark/WhatsApp-Clone-React
Facebook Clone,React JS,https://github.com/TusharKukra/Facebook-Clone-ReactJS
Frontend Pagination,React JS,https://github.com/bradtraversy/simple_react_pagination
Digital Clock,React JS,https://github.com/esadakman/reactjs-digital-clock
Chinese Checkers Game,React JS,https://github.com/GabrielMioni/react-checkers
Match Algo game,React JS,https://github.com/Pavan-Kiran-Chidirala/reactmatchgameappjs
Text To Speech Converter App,React JS,https://github.com/SahilAggarwal2004/react-text-to-speech
Text Utility App,React JS,https://github.com/AkshataGanbote/Text-Utility-App
fitness app,React JS,https://github.com/minnukota381/Fitness-Tracking-App-UI-React
Text to Handwriting,React JS,https://github.com/hhhrrrttt222111/handReacting
Reddit Clone,React JS,https://github.com/SashenJayathilaka/Reddit-Clone
SnapChat Clone,React JS,https://github.com/TowhidKashem/snapchat-clone
Health Tracker App,React JS,https://github.com/ninalouw/health-tracker-react
Meme Generator,React JS,https://github.com/MarioWork/react-meme-generator
YouTube Clone,React JS,https://github.com/kennys-tech/react-youtube-clone
Library Management App,Spring Stack,https://github.com/saikat021/Library-Management-System
Chatting App,Spring Stack,https://github.com/mtaghavian/simple-chat
eWallet App,Spring Stack,https://github.com/dayalupatel/eWallet
Online Store App,Spring Stack,https://github.com/tuhinsaikh/Online-Shopping-App-SpringBoot-
Employee Manager App,Spring Stack,https://github.com/Saad1929/Employee-Management-System
Payroll Management using Spring Boot,Spring Stack,https://github.com/AAdewunmi/Employee-Payroll-Management-System
Flight Management System,Spring Stack,https://github.com/WebDesgns/Flight-Management-System
Determine If Your Food is Genetically Modified,Bio Technology,https://github.com/nfahlgren/plant_scientists_support_gmo/tree/master/data
Building Your Own Tool for Identifying DNA,Bio Technology,https://github.com/VerisimilitudeX/DNAnalyzer
Chatbot,Data Science,https://github.com/assistant-ui/assistant-ui
Climate Change Impact Analyser (on Global Food Supply),Data Science,https://github.com/k3nnywilliam/climate-change-food-supply
Weather Prediction,Data Science,https://github.com/AR10X/data-analysis
Google Ads Keyword Generation,Data Science,https://github.com/eslamaboushashaa/Generating-Keywords-for-Google-Ads
Traffic Signs Recognition,Data Science,https://github.com/deepak2233/Traffic-Signs-Recognition-using-CNN-Keras
Wine Quality Analysis,Data Science,https://github.com/mayursatav/Wine-Quality-Prediction
Stock Market Prediction,Data Science,https://github.com/Vatshayan/Final-Year-Machine-Learning-Stock-Price-Prediction-Project
Fake News Detection,Data Science,https://github.com/nishitpatel01/Fake_News_Detection
Video Classification,Data Science,https://github.com/HHTseng/video-classification
Human Action Recognition,Data Science,https://github.com/nikhilkr31/human-action-recognition
Medical Report Generation using CT Scans,Data Science,https://github.com/vysakh10/Medical-Report-Generation-using-Deep-Learning
Email Classification,Data Science,https://github.com/SimarjotKaur/Email-Classifier
Uber Data Analysis,Data Science,https://github.com/Unnati0104/Uber-Data-Analysis
Sound Classification,Data Science,https://github.com/abishek-as/Audio-Classification-Deep-Learning
Credit Card Fraud Detection,Data Science,https://github.com/shakiliitju/Credit-Card-Fraud-Detection-Using-Machine-Learning
Sign Language Recognition,Data Science,https://github.com/AvishakeAdhikary/Realtime-Sign-Language-Detection-Using-LSTM-Model
Flower Class Prediction,Data Science,https://github.com/Apaulgithub/oibsip_taskno1
Color Detection,Data Science,https://github.com/manishsingh7163/Color-Detection
Loan Prediction,Data Science,https://github.com/Architectshwet/Loan-prediction-using-Machine-Learning-and-Python
Road Traffic Prediction,Data Science,https://github.com/atharva-hukkeri/Traffic-Prediction-using-Machine-Learning
Income Classification,Data Science,https://github.com/semasuka/Income-classification
Speech Emotion Recognition,Data Science,https://github.com/MiteshPuthran/Speech-Emotion-Analyzer
Celebrity Voice Prediction,Data Science,https://github.com/ptbailey/Speaker-Recognition
Store Sales Prediction,Data Science,https://github.com/asim5800/Retail-Sales-Prediction
Detecting Parkinson's Disease,Data Science,https://github.com/guptaharshnavin/Parkinson-Disease-Detection
Air Pollution Prediction,Data Science,https://github.com/saniyaparveez/Air_pollution_prediction
Age & Gender Detection,Data Science,https://github.com/smahesh29/Gender-and-Age-Detection
Optimizing Product Price,Data Science,https://github.com/sukesh-reddy/Retail-Price-Optimization-
Breast Cancer Prediction,Data Science,https://github.com/Eakta08/Breast-Cancer-Prediction
Analyze COVID Vaccination Progress Using Python,Data Science,https://github.com/Ahad-Al-Seraihi/COVID-19-World-Vaccination-Progress
Financial Status Analysis For Credit Score Rating,Data Science,https://github.com/allanphil/Credit-Score-Classification
Movie Based Recommendation,Data Science,https://github.com/rudrajikadra/Movie-Recommendation-System-Using-Python-and-Pandas
Real-time Traffic Prediction,Data Science,https://github.com/ghimohammadr/Real-time-traffic-prediction
Image Captioning,Data Science,https://github.com/IEEE-NITK/Image_Captioning
DSA Question Predicter,Data Science,https://github.com/dprasuna/Web-Based-Dsa-Tracker
IoT Social Distancing & Monitoring for Queue,Internet of Things,https://github.com/sassoftware/iot-tracking-social-distancing-computer-vision
IoT Covid Patient Health Monitor in Quarantine,Internet of Things,https://github.com/CODERdotEXE/patient-health-monitoring-IOT
IoT based Manhole Detection and Monitoring System,Internet of Things,https://github.com/Pooja123667/DSCWOW_Manhole-monitoring-system
IoT based Smart Energy Meter Monitoring with Theft Detection,Internet of Things,https://github.com/Abhirambs-08/IOT-Based-Smart-Energy-Meter-BEC
IoT based Intelligent Gas Leakage Detector Using Arduino,Internet of Things,https://github.com/avimagar/Smart-Gas-Leak-Detector
IoT based Smart Agriculture Monitoring System Project,Internet of Things,https://github.com/ankitsagar/Smart-Agriculture
IoT based Automatic Vehicle Accident Detection and Rescue,Internet of Things,https://github.com/syedissambukhari/IoT-Based-Automatic-Accident-Detection-And-Rescue-system
IoT based Coal Mine Safety Monitoring and Alerting System,Internet of Things,https://github.com/Alok2580/IoT-based-Smart-Coal-Mining-Safety-and-Alerting-System
IoT based Heart Monitoring System Using ECG,Internet of Things,https://github.com/Ashithaby/IoT-based-low-cost-ECG-and-heart-monitoring-system-with-ESP32
IoT based  Weather Reporting ,Internet of Things,https://github.com/Rashmika-B/IoT-based-Weather-Reporting-System
IoT Early Flood Detection & Avoidance,Internet of Things,https://github.com/roycuadra/IoT-based-flood-detection-system
IoT Garbage Monitoring Using Raspberry Pi,Internet of Things,https://github.com/cloudwithtanvir/An-Android-Based-IoT-System-for-Garbage-Monitoring
IoT Circuit Breaker Project Women Safety Night Patrolling,Internet of Things,https://github.com/rakshixh/Samraksh
IoT Robot,Internet of Things,https://github.com/vatsal2210/IoT-Robot
IoT Mining Tracking & Worker Safety Helmet,Internet of Things,https://github.com/selvinsalve/IOT-MINING-TRACKING-AND-WORKER-SAFETY-HELMENT
"IoT Energy Meter with Current, Voltage and Cost Monitoring System",Internet of Things,https://github.com/h3xb1n/IoT-Based-Smart-Energy-Meter
IoT Industry Protection System Arduino,Internet of Things,https://github.com/bharathrede/IOT-Industry-Protection-using-Arduino
IoT Color Based Product Sorting Machine Project,Internet of Things,https://github.com/varadgujar20/Color-Sorting-Machine-IOT-Based-Project-
IoT Paralysis Patient Health Care Project,Internet of Things,https://github.com/20MH1A04H9/IOT_PROJECT
IoT Smart Mirror With News & Temperature,Internet of Things,https://github.com/aanandpant/IOT-based-smart-mirror
IoT Garbage Monitoring With Weight Sensing,Internet of Things,https://github.com/hegdepavankumar/smart-garbage-monitoring-system-using-iot
IoT Asset tracking System,Internet of Things,https://github.com/redhat-iot/iot-assettracking-demo
IoT Based ICU Patient Monitoring System Biometric Attendance System Over IOT,Internet of Things,https://github.com/YAGNESHPALLERLA/IoT-Based-ICU-Patient-Monitor-System
IoT Gas Pipe Leakage Detector Insect Robot,Internet of Things,https://github.com/Henil24G/FYP_VIT
IoT Irrigation Monitoring & Controller System,Internet of Things,https://github.com/rgc99/irrigation_unlimited
IoT Electronic Door Opener,Internet of Things,https://github.com/MicrochipTech/iot_solutions_for_smart_garage_door_opener
IoT Home Automation Using Raspberry Pi,Internet of Things,https://github.com/amalpoulose/Home-Automation-using-RaspberryPi-IOT
IoT Alcohol & Health Monitoring System,Internet of Things,https://github.com/asadacn/IoT_based_health_monitoring_system
IoT Liquid Level Monitoring System,Internet of Things,https://github.com/vinitshahdeo/Water-Monitoring-System
IoT Garbage Monitoring System,Internet of Things,https://github.com/hegdepavankumar/smart-garbage-monitoring-system-using-iot
IoT Based Home Automation,Internet of Things,https://github.com/abhijain2472/IoT-Smart-Home-Automation
IoT Based Office Automation,Internet of Things,https://github.com/automagica/automagica
IoT Based Industry Automation,Internet of Things,https://github.com/vernemq/vernemq
IoT Weather Reporting System,Internet of Things,https://github.com/Rashmika-B/IoT-based-Weather-Reporting-System
IoT Based Antenna Positioning System,Internet of Things,https://github.com/bhavesh-asana/Antenna-Positioning-System
IoT Based Fire Department Alerting System,Internet of Things,https://github.com/SumaitaB/Arduino-IoT-based-Fire-Alert-System
IoT Solar Power Monitoring System,Internet of Things,https://github.com/CJG1410/IoT-Solar-Power-Monitoring-and-Management-System
IoT Streetlight Controller System,Internet of Things,https://github.com/sowwnn/Smart-street-light-control-system--IoT
IoT Traffic Signal Monitoring & Controller System,Internet of Things,https://github.com/keerthana1003/IoT-Project
IoT Industry Automation Using Raspberry Pi,Internet of Things,https://github.com/KarthikT23/Raspberry-Pi-Industrial-IoT
IoT Underground Cable Fault Detector Project,Internet of Things,https://github.com/timotheengineer/IOT_UNDERGROUND-FAULT-LOCATION-AND-DETECTION
IoT Air & Sound Pollution Monitoring System Energy Meter Monitoring Over IOT,Internet of Things,https://github.com/MohanVallivedu/Remote-monitoring-of-Air-and-sound-pollution-IOT
IoT Based Person/Wheelchair Fall Detection,Internet of Things,https://github.com/arungeekay/Iot-based-wheelchair-mounted-fall-detection-and-health-monitoring-system
IoT Patient Health Monitoring Project,Internet of Things,https://github.com/HackwithArpon/Iot-Based_Patient-Health-Monitoring-System-
IoT Heart Attack Detection & Heart Rate Monitor,Internet of Things,https://github.com/NuzhatJabeen/IoT-Based-Heart-Attack-Detection-and-Heart-Rate-Monitoring-System-
IoT Based Toll Booth Manager System,Internet of Things,https://github.com/fahimshahrierrasel/toll_management_iot
IoT Theft Detection Using Raspberry Pi,Internet of Things,https://github.com/mostafaaboseif/IOT-Theft-Detection-using-RaspberryPi
IoT based Flood & Drought predictor,Internet of Things,https://github.com/karthiknbharadwaj/Flood-Detection-and-Prediction-using-IOT-Data-Analytics
IoT Based Smart Door Locking System,Internet of Things,https://github.com/durjoysarkardhrubo/Smart-Door-Locking-System-Using-IoT
IoT based temprature controlled fan,Internet of Things,https://github.com/AmruthaRajsheker/IoT-Temperature-Based-Automatic-Fan-Speed-Control-and-Monitoring-System
Microsoft Excel Clone,Electron JS,https://github.com/mb11797/Spreadsheet-Excel-Clone-using-Electron-and-NodeJS?tab=readme-ov-file
VS Code Clone,Electron JS,https://github.com/preeti09011999/VSCode-Clone
Zoom Clone,Electron JS,https://github.com/milankrushna/zoom-meeting-electron-app
Sorting Algorithm Vizualizer,Data Structures and Algorithms,https://github.com/dharshakch97/sort-visualizer
Visualization of Shortest Path Finding Algorithm,Data Structures and Algorithms,https://github.com/khalidsaifullaah/pathfinding-visualizer
Maze Solver using BFS,Data Structures and Algorithms,https://github.com/YeyoM/mazeSolver
Fully Functional Exam Portal,Full Stack Ideas,https://github.com/SubhradeepSS/Exam_Portal 
Movie Recommendation Website (ML model based Full Stack Web App),Full Stack Ideas,https://github.com/venugopalkadamba/Movie-Recommendation-System-ML-React-Flask
Crowdfunding Online Platform,Full Stack Ideas,https://github.com/Vivek-Kamboj/Crowd_funding
Payment Gateway Integration,Generic Stack,https://github.com/ravigithub19/payment-gateway-integration  
Amazon Clone,Generic Stack,https://github.com/shubho0908/Amazon-clone
Fashion eCommerce Website,Generic Stack,https://github.com/nimone/Fashion-Store
Blog Content Management System,Generic Stack,https://github.com/koushil-mankali/blog-content-management-system
Food Delivery App,Generic Stack,https://github.com/enatega/food-delivery-singlevendor
Poll App,Generic Stack,https://github.com/DebjitPramanick/Polling-App
Social Media Clone,Generic Stack,https://github.com/topics/mern-social-media-app
Travel Guide of a city,Generic Stack,https://github.com/topics/tourist-guide
GuestBook App,LAMP Stack,https://github.com/mah-shamim/simple-guestbook-application
ToDo App,LAMP Stack,https://github.com/Denmlak/PHP-TO-DO-List
Student Management System,LAMP Stack,https://github.com/amirhamza05/Student-Management-System
Admin Dashboard,LAMP Stack,https://github.com/satnaing/shadcn-admin
User Management System,MERN Stack,https://github.com/JackWorld99/MERN-User-Management-System
Virtual Queue Management System,MERN Stack,https://github.com/winster/vqms
eCommerce Website,MERN Stack,https://github.com/ajaybor0/MERN-eCommerce
Online Distance Education System,MERN Stack,https://github.com/Pika003/e-Learning-Platform
Farming Management System,MERN Stack,https://github.com/MohdSaif-1807/Agri-Assist-Project
Contact Keeping,MERN Stack,https://github.com/nil1729/contact-keeper
eLearning Portal,MERN Stack,https://github.com/Pika003/e-Learning-Platform
NGO Connecting Website,MERN Stack,https://github.com/akarsh-jain-790/CharityConnect
Notes App With Login system,MERN Stack,https://github.com/arunopal/react-notes-app
Fake Product Identification,Blockchain,https://github.com/A4ANK/Fake-Product-Identification
Electronic Voting System,Blockchain,https://github.com/Krish-Depani/Decentralized-Voting-System
Insurance Management System,Blockchain,https://github.com/IBM/build-blockchain-insurance-app
Financial Record Management System,Blockchain,https://github.com/prateeshreddy/blockchain-finance
Android Document Sharing System using Blockchain,Blockchain,https://github.com/ruchi26/Blockchain-based-Decentralized-File-Sharing-System-using-IPFS
State Government Fund Allocation & Tracking System over Blockchain,Blockchain,https://github.com/maddydevgits/government-fund-allocation-tracking-system-blockchain
Document Storage System,Blockchain,https://github.com/codingBeast25/Blockchain-based-File-Storage
Charity Applications,Blockchain,https://github.com/harshagr18/CharityBlockchain
Simple Voting Dapp,Blockchain,https://github.com/ashishlamsal/voting-dapp
Digital Land Registry System,Blockchain,https://github.com/vrii14/Land-Registration-with-Blockchain
Personal Identity System,Blockchain,https://github.com/jibolagithub/Blockchain-Based-personal-identity-security-system
Supply Chain Management System,Blockchain,https://github.com/Faizack/Supply-Chain-Blockchain
Medical UseCase,Blockchain,https://github.com/IBM/Medical-Blockchain
Todo App,Python-Django,https://github.com/shreys7/django-todo
Password Generator,Python-Django,https://github.com/vinit-modi/Django-Password-Generator
Personal Portfolio,Python-Django,https://github.com/BurhanMohammad/Django-Portfolio-website
Stone Paper Scissor,Python-Django,https://github.com/ShivamRohilllaa/rock-paper-scissors
Billing System,Python-Django,https://github.com/mohdishaq786/Django-Billing-system
Movie Ticket Booking System,Python-Django,https://github.com/bhaskars9/bookmyticket
Email Sender,Python-Django,https://github.com/sukanya-pai/Django-Email-Sender
Web Scraper,Python-Django,https://github.com/shubham17sm/web-scraping-django
Palindrome Checker,Python-Django,https://github.com/ramshree/palindromer-checker
Sorting Visualizer,Python-Django,https://github.com/jntushar/Sorting-Visualizer
Reminder System,Python-Django,https://github.com/arianshnsz/Django-Task-Reminder
Automatic Birthdays Mailer,Python-Django,https://github.com/ashutoshkrris/PyWisher
Snake Water Gun Game,Python-Django,https://github.com/sagargoswami2001/Snake-Water-Gun
Mobile Assistant,Python-Django,https://github.com/vintasoftware/django-ai-assistant/
Calculator,Python-Django,https://github.com/BurhanMohammad/Django-Calculator
CRUD REST API in Flask and MongoDB,Python-Django,https://github.com/rishi772001/Django-MongoDb-CRUD-RESTAPI
Calorie Counter,Python-Django,https://github.com/nitish-gautam/django-calorie-tracker
Student Management System,Python-Django,https://github.com/jobic10/student-management-using-django
Social Media backend,Python-Django,https://github.com/Ronik22/Django_Social_Network_App
Content Management system,Python-Django,https://github.com/django-cms/django-cms
Tic-Tac-Toe Game,C++,https://github.com/ramanbansal9876/Tic-Tac-Toe-Game-using-Cpp
Chess Game,C++,https://github.com/jironghuang/chess
Library Management System,C++,https://github.com/abdulsamie10/Library-Management-System
File Management System,C++,https://github.com/krshrimali/CPP-File-Manager
Restaurant Ordering System,C++,https://github.com/TzeYuan14/Food-Ordering-System
Alumni Management System,C++,https://github.com/ali-soban/alumni_management_system_cpp
Gym Management System,C++,https://github.com/DhanushAnbalagan/Gym-Management-System
File Compression,C++,https://github.com/aniketpathak028/File-Compressor
Implementation of Minesweeper Game,C++,https://github.com/burakssen/minesweeper
Program to remotely Power On a PC over the internet using the Wake-on-LAN protocol,C++,https://github.com/herzhenr/simple-wake-on-lan
Finding cabs nearby using Great Circle Distance formula,C++,https://github.com/Nirbhay-Gaur/ride-o-meter
Teacher's Attendance Management System,C++,https://github.com/kashishahuja2002/Teachers-Attendance-Management-System
Snake Game,C++,https://github.com/KaranJagtiani/Snake-Game-in-CPP
Facial recognition using Python OpenCV library,Python,https://github.com/informramiz/opencv-face-recognition-python
Magic 8 Ball,Python,https://github.com/Vaibhavabhaysharma/Magic-8-Ball-Game-by-Python/tree/master
Sudoku Solver,Python,https://github.com/dhhruv/Sudoku-Solver
Ping Pong Game,Python,https://github.com/prathameshparit/Ping-Pong-Game
3D AR with Python (OpenCV and NumPy),Python,https://github.com/jayantjain100/Augmented-Reality
Attend Zoom Meetings Automatically,Python,https://github.com/YarinCodes/auto-zoom-meetings-join
Message Encrypter,Python,https://github.com/Rupa-Veerala/Secret-Message-Encryption-Decryption-using-Python
Virtual Assistant,Python,https://github.com/ashutoshkrris/Virtual-Personal-Assistant-using-Python
Automatic Quote Generator (using Quotes API),Python,https://github.com/Mahitej28/Random-Quote-Generator
Guessing Game,Python,https://github.com/tombh/Python-Stuff/tree/master/Numer%20Guessing%20Game
Hangman Game,Python,https://github.com/meet244/Hangman-game
Tic-Tac-Toe Game,Python,https://github.com/aqeelanwar/Tic-Tac-Toe
Stock Scanner,Python,https://github.com/pranjal-joshi/Screeni-py
Random Password Generator,Python,https://github.com/Ramesh-Bhutka/-Python-Random-Password-Generator-
Film Data Collector,Python,https://www.youtube.com/watch?v=FDEyZqXBEew
Stack-Visualizer,Python,https://github.com/SamarpanCoder2002/Stack-Visualizer
Track Phone Number Location,Python,https://github.com/problemsolvewithridoy/Phone-number-location-tracker-using-python
Story-Generator,Python,https://github.com/izicodes/Py-Story-Generator ; https://github.com/e-tornike/Story_Generator
Library Management System,Python,https://github.com/kunzbhatia/Library-Management-System
Binary-Search-Tree-Visualizer,Python,https://github.com/SamarpanCoder2002/Binary-Search-Tree-Visualizer
Ludo Game,Python,https://github.com/mansiag/Ludo
Searching Algo Visualizer,Python,https://github.com/SamarpanCoder2002/Searching-Algo-Visualizer
"Graph Traversing Visualizer (BFS, DFS)",Python,https://github.com/SamarpanCoder2002/Graph-Traversing-Visualizer
Circular Queue Visualizer,Python,https://github.com/SamarpanCoder2002/Circular-Queue-Visualizer
Link-List Visualizer,Python,https://github.com/SamarpanCoder2002/Singly-Link-List-Visualizer
Music Player,Python,https://github.com/das88768/music-player
Currency Converter,Python,https://github.com/gerardo5797/PythonCurrencyConverter
QR Code Generator,Python,https://github.com/lincolnloop/python-qrcode
Cone Detection,Python,https://github.com/alexandsquirrel/cone-detection
Random quote generator,Python,https://github.com/Mahitej28/Random-Quote-Generator
Snake Water Gun game,Python,https://github.com/sagargoswami2001/Snake-Water-Gun
URL shortener,Python,https://github.com/amitt001/pygmy
Youtube Video Downloader,Python,https://github.com/pytube/pytube
Log Analyser,Python,https://github.com/yurilaaziz/log-analyzer
CSV Parser,Python,https://stackoverflow.com/questions/22824621/custom-csv-parser
PDF To DOCX Converter,Python,https://github.com/ArtifexSoftware/pdf2docx
AI Resume Analyzer,Python,https://github.com/deepakpadhi986/AI-Resume-Analyzer
Hotel Management System,Python,https://github.com/tushar-2223/Hotel-Management-System
Facial Recognition Attendance System,Python,https://github.com/Vatshayan/Face-recognition-Attendance-System-Project
Find Missing Person using AI,Python,https://github.com/gaganmanku96/Finding-missing-person-using-AI
Recipe Generation from Food Image,Python,https://github.com/navassherif98/Recipe-Generation-from-Food-Image
Gesture Controlled Virtual Mouse,Python,https://github.com/Viral-Doshi/Gesture-Controlled-Virtual-Mouse
Attendance System,Java,https://github.com/pally2409/Attendance-Management-System
Calculator using Swing,Java,https://github.com/AHBRIJESH/Calculator-Using-java
Library Management System,Java,https://github.com/harismuneer/Library-Management-System-JAVA
Payroll Management System,Java,https://github.com/sahiljagtap08/Payroll-System-JAVA
Email Administration using Core Java,Java,https://github.com/rgovil17/Email-Administration-Application
Symmetric Encryption Cyptography,Java,https://github.com/asadkhan-786-gb/Symmetric-Encryption-Cryptography-in-Java
Snake Game,Java,https://github.com/janbodnar/Java-Snake-Game
Tic-Tac-Toe Game using Swing,Java,https://github.com/ImKennyYip/tictactoe-java
Sentiment Analysis,R,https://github.com/meetttttt/Sentiment-Analysis-in-R-programming
Uber Data Analysis,R,https://github.com/AmirMotefaker/Uber-Data-Analysis
Movie Recommendation System,R,https://github.com/Rpita623/Movie-Recommendation-System-using-R_Project
Customer Segmentation,R,https://github.com/aimee0317/customer-segmentation-R
Credit Card Fraud Detection,R,https://github.com/shalakasaraogi/credit-card-fraud-detection/tree/main
Book Library App,Mobile Applications,https://github.com/rohanrao619/Library_Management_Android_App
Novel Library App,Mobile Applications,https://github.com/gmathi/NovelLibrary
Women Safety App ,Mobile Applications,https://github.com/HassamTalha/Amaan-Women-Safety-App
Notes App,Mobile Applications,https://github.com/CheezyCode/YetAnotherNotesApp
Snake Game,Mobile Applications,https://github.com/codepath/android_snake_game
Shopping App ,Mobile Applications,https://github.com/alireza4585/Flutter-Shopping-App
Flappy Bird,Mobile Applications,https://github.com/VadimBoev/FlappyBird
Alarm App,Mobile Applications,https://github.com/Adw41t/Simple_Alarm_Clock
Stopwatch App,Mobile Applications,https://github.com/stevdza-san/Stopwatch-Android-App
Calendar App,Mobile Applications,https://github.com/SimpleMobileTools/Simple-Calendar
WhatsApp Clone (+Backend),Mobile Applications,https://github.com/SekhGulamMainuddin/WhatsAppCloneFlutter
Twitter Clone (+Backend),Mobile Applications,https://github.com/Chevinjeon/TwitterClone
Instagram Clone (+Backend),Mobile Applications,https://github.com/mitchtabian/Android-Instagram-Clone
Weather App,Mobile Applications,https://github.com/dev-aniketj/WeatherApp-Android
Quiz App,Mobile Applications,https://github.com/hellosagar/Quiz-App
Stock Market Analyzer,Mobile Applications,https://github.com/rehmanis/stocks-android
Document Scanner,Mobile Applications,https://github.com/SDA-SE/document-scanner-android
Reddit Clone,Mobile Applications,https://github.com/RodriguezDev/reddit-clone
Medication Reminder,Mobile Applications,https://github.com/waseefakhtar/dose-android
Calculator App,Mobile Applications,https://github.com/forzzzzz/Calculator-You
Hangman Game,Mobile Applications,https://github.com/laurensV/Hangman
Audiobook,Mobile Applications,https://github.com/homielab/audiobookapp
Calories Counting App,Mobile Applications,https://github.com/simonoppowa/OpenNutriTracker
Restaurant App (with API),Mobile Applications,https://github.com/CristianoYL/RestaurantAndroidApp
Expense Tracker App,Mobile Applications,https://github.com/Abhishek111883/Android-project
Smart Education App,Mobile Applications,https://github.com/Hash-Studios/e-learning-app
First Aid App,Mobile Applications,https://github.com/Vedanth29/First-Aid-App-AndroidProject-
Fitness Tracker,Mobile Applications,https://github.com/Fitness-Guys/Fitness-Tracker-App
Class Notes Sharing App,Mobile Applications,https://github.com/RivaanRanawat/notefynd
Insta - Buy App.,Mobile Applications,https://github.com/rdowdle10/InstaBuy/tree/master
Barcode Reader App,Mobile Applications,https://github.com/journeyapps/zxing-android-embedded
Face Identification App,Mobile Applications,https://github.com/atharvakale31/Real-Time_Face_Recognition_Android
Blog App,Mobile Applications,https://github.com/keerthivasaa/Blog-App-in-Android-Studio
Chatting App (similar to WhatsApp),Mobile Applications,https://github.com/Tauseef-Hilal/WhatsUp
Shooting Target Game,Game Development,https://github.com/Aayush-Gangwar/Living-Dead-Fps_3d_shooting-game
Endless Runner,Game Development,https://github.com/sunsided/unity-endless-runner
Car Racing Game,Game Development,https://github.com/VehanRajintha/Unity-Full-Project-Car-Racing-Game-
Warfare Game,Game Development,https://github.com/dreadwing5/laser-warfare-unity
Free Fall Game,Game Development,https://github.com/arijoon/FreeFall-Unity3D-Game
Doodle Jump Clone,Game Development,https://github.com/OsmanFrat/doodle-jump-clone
Simon Says,Game Development,https://github.com/IvoDeK/SimonSays
Tic Tac Toe,Game Development,https://github.com/ivuecode/TicTacToe
Pong,Game Development,https://github.com/zigurous/unity-pong-tutorial
Procedural Mesh Generation,Game Development,https://github.com/BastiaanOlij/gdprocmesh
Temple Run,Game Development,https://github.com/kenmaz/TempleRun-Unity
Snake Game,Game Development,https://github.com/zigurous/unity-snake-tutorial
Sudoku,Game Development,https://github.com/Umar-Eh/Sudoku-Unity
Game like STACK (By KetchApp Games),Game Development,https://github.com/zeroboo/stack-game
Open World Game (Small Version),Game Development,https://github.com/sevketbinali/3D-Survival-Game-Unity
Car Racing Game,Game Development,https://github.com/lucasctnh/street-racing-unity
Shooting Games,Game Development,https://github.com/JFroggo-Gaming/Unity-FPS-game
Zelda-like RPG Game,Game Development,https://github.com/DavBraga/UnityGame-Zelda-Like
Pokemon clone RPG Game,Game Development,https://github.com/TU-AI-For-Games/Unity-AI-Pokemon-Clone
Candy Crush (Match-three-like) Game,Game Development,https://github.com/dgkanatsios/MatchThreeGame
Tetris clone,Game Development,https://github.com/hyunuk/Tetris
AR Chemistry (Markerbased),Augmented Reality,https://github.com/MiroslavShard/chemistry-ar
AR Book (Markerbased),Augmented Reality,https://github.com/malithpriyashan/Augmented-reality-book-reading-app
AR Bottle Shooter (Markerless),Augmented Reality,https://github.com/rudrajikadra/ARShoot-Game-Markerless-Augmented-Reality-Unity3D-iOS-Android/tree/master
Reading Book App,Augmented Reality,https://github.com/epcm18/interactive-book-reader-with-augmented-reality-content
"Service App (Hospital, Business, etc.)",Augmented Reality,https://github.com/31Sanskrati/Health-Harbor-AR-app
Shop App,Augmented Reality,https://github.com/akshatkverma/ShopOn
News Reader App,Augmented Reality,https://github.com/shubhendra-20/AR_Newspaper?tab=readme-ov-file
AR Furniture App (Ikea Style),Augmented Reality,https://github.com/ariel-zilber/couch-mirage
Hair Cutting App,AI/ML,https://github.com/iantv/AR-Hair
Handwriting Recogniser,AI/ML,https://github.com/githubharald/SimpleHTR
Chatbot for Healthcare Management,AI/ML,https://github.com/arvindsis11/Ai-Healthcare-Chatbot
Spam Email Detection System,AI/ML,https://github.com/Apaulgithub/oibsip_taskno4
Public Sentiment Analyser for Election,AI/ML,https://github.com/Naveenpandey27/Indian_Election_Sentiment_Analysis_using_NLP
Parking Ticket App,AI/ML,https://github.com/francopiloto/ParkingTicket
Interactive American Sign Language Translator,AI/ML,https://github.com/kevinjosethomas/sign-language-processing
Sentiment Analysis,AI/ML,https://github.com/RichardRivaldo/Sentiment-Analysis/tree/main
Predicting Student Performance,AI/ML,https://github.com/William-Laverty/ML-Student-Performance-Predictor
Digit Recogniser,AI/ML,https://github.com/aakashjhawar/handwritten-digit-recognition
Predicting Music Genres,AI/ML,https://github.com/jsalbert/Music-Genre-Classification-with-Deep-Learning
Music Analysis,AI/ML,https://github.com/mir-aidj/all-in-one/tree/main
Generate Human Faces with DCGAN,AI/ML,https://github.com/ZSoumia/DCGAN-for-generating-human-faces-/tree/master
Text Summariser,AI/ML,https://github.com/LunaticPrakash/Text-Summarization
Text Analyzer using NLP (Natural Language Processing text) and spaCy,AI/ML,https://github.com/JonathanReeve/workshop-text-analysis-spacy/tree/master
Sudoku Solver using Backtracking and OpenCV,AI/ML,https://github.com/AabidPatel/Sudoku-Solver-with-OpenCV
Human Expressions Classifier,AI/ML,https://github.com/mlsmall/Facial-Expression-Detection
Geographical analysis of Images,AI/ML,https://github.com/NiveditaSureshK/Geospatial-Analysis/blob/main/Zomato_EDA.ipynb
Cancer/Tumor detection using Image Segmentation,AI/ML,https://github.com/MohamedAliHabib/Brain-Tumor-Detection
Plant Disease Detection,AI/ML,https://github.com/sumanismcse/Plant-Disease-Identification-using-CNN
Create a Consumer Relationship Management System,Java,https://github.com/machowina/CRM
bFit Cognitive and Memory Testing Game,Java,https://github.com/Dk35840/bFit-A-Cognitive-Game
Network Packet Sniffer Analyzer Software,Java,https://github.com/HassanAdamm/packet-sniffer
Internet Service Provider Automation System,Java,https://github.com/nitishr7/ISP-Java
Create a Criminal Face Detection System,Java,https://github.com/prasadus92/Face-Recognition
Wordcount Tools in Java,Java,https://github.com/lucassrg/javawc
Exam Seating Arrangement System in Java,Java,https://github.com/chabedalam11/Exam-Seating-Arrangement-System-Using-JSP-Servlet
Password Generator using Java,Java,https://github.com/KZarzour/Password-Generator
Online Survey System,Java,https://github.com/kodekracker/Online-Survey-System
Online Resume Builder,Java,https://github.com/meetakbari/CV-Resume-Builder
Snake Game using Java,Java,https://github.com/janbodnar/Java-Snake-Game
Data Visualization Software,Java,https://github.com/gavalian/groot
Electricity Billing System,Java,https://github.com/Adarsh9616/Electricity_Billing_System
Web Medical Management System,Java,https://github.com/mokarrom/medical-center
Supply Chain Management System,Java,https://github.com/sonnyhcl/Backend
Bookshop Management System Using C++,C++,https://github.com/aryan-khanijo/Bookshop-Management-System-CPP-Project
Bank Management System In C++,C++,https://github.com/wkhaliddev/Bank-Management/tree/master/DSAproject
Student Record Management System,C++,https://github.com/Code-Recursion/Student-Record-Management-System
Contact Management System Using C++,C++,https://github.com/JeremyWu917/ContactManagementSystem
Car Rental System In C++,C++,https://github.com/Ellie-Y/CarRentalSystem
Credit Card Validator,C++,https://github.com/karancodes/credit-card-validator
Sudoku Game,C++,https://github.com/AlexIzydorczyk/sudoku
Trading Application Project In C++,C++,https://github.com/JulyIghor/QtBitcoinTrader
Casino Number Guessing Game,C++,https://github.com/KevinVillania/Baccarat-Casino-Number-Game
Sales Management System,C++,https://github.com/whoeverxd/sales
Face Detection App with C++,C++,https://github.com/elador/FeatureDetection
Digital Calculator,C++,https://github.com/christopher-siewert/cpp-calculator
