reference,new_links
https://github.com/surabhiojha12/Certificate_creation-,surabhiojha12/Certificate_creation-
https://github.com/bedimcode/portfolio-responsive-complete,bedimcode/portfolio-responsive-complete
https://github.com/kamranahmedse/developer-roadmap,kamranahmedse/developer-roadmap
https://github.com/JoaoFranco03/photography-portfolio,JoaoFranco03/photography-portfolio
https://github.com/naemazam/Technical-Documentation-Page,naemazam/Technical-Documentation-Page
https://github.com/lazy-geek/survey-form,lazy-geek/survey-form
https://github.com/afzafri/Web-Comic-Reader/tree/master,afzafri/Web-Comic-Reader
https://github.com/wpcodevo/lc28-fashion-ecommerce-website,wpcodevo/lc28-fashion-ecommerce-website
https://github.com/ankithcrgowda/Responsive-Restaurant-Website,ankithcrgowda/Responsive-Restaurant-Website
https://github.com/roniy68/event-management,roniy68/event-management
https://github.com/FreeCodeCamp-Solutions/Product-Landing-Page,FreeCodeCamp-Solutions/Product-Landing-Page
https://github.com/adityamamta/travel-one-page-website,adityamamta/travel-one-page-website
https://github.com/kalawaja/freeCodeCamp_tributePage,kalawaja/freeCodeCamp_tributePage
https://github.com/VineetKumar02/Parallax-Website,VineetKumar02/Parallax-Website
https://github.com/Himanshu3412/Weather-Forecast,Himanshu3412/Weather-Forecast
https://github.com/harshi0102/ConferencePage,harshi0102/ConferencePage
https://github.com/lassiecoder/E-CommerceWebsite,lassiecoder/E-CommerceWebsite
https://github.com/SrajanAgrawal/Restaurant-Landing-Page,SrajanAgrawal/Restaurant-Landing-Page
https://github.com/jamesqquick/Build-A-Quiz-App-With-HTML-CSS-and-JavaScript,jamesqquick/Build-A-Quiz-App-With-HTML-CSS-and-JavaScript
https://github.com/codewithsadee/micro,codewithsadee/micro
https://github.com/keerti1924/E-Learning-Website-HTML-CSS,keerti1924/E-Learning-Website-HTML-CSS
https://github.com/shivamjain1/Online-food-ordering-app,shivamjain1/Online-food-ordering-app
https://github.com/Zulhaditya/orbis-store,Zulhaditya/orbis-store
https://github.com/kumarsuraj345678/Student-Registration-Form,kumarsuraj345678/Student-Registration-Form
https://github.com/Jonesdl-2785/image-gallery-html-css,Jonesdl-2785/image-gallery-html-css
https://github.com/Grsmto/simplebar?tab=readme-ov-file,Grsmto/simplebar?tab=readme-ov-file
https://github.com/mnassarhub/responsive-landing-page,mnassarhub/responsive-landing-page
https://github.com/BoddepallyVenkatesh06/Build--Website-using-an-API-with-HTML-JavaScript-and-JSON,BoddepallyVenkatesh06/Build--Website-using-an-API-with-HTML-JavaScript-and-JSON
https://github.com/nirmalnishant645/Virtual-Classroom,nirmalnishant645/Virtual-Classroom
https://github.com/CodeStudio-Content/To-Do-List-JavaScript,CodeStudio-Content/To-Do-List-JavaScript
https://github.com/vasanthk/tic-tac-toe-js,vasanthk/tic-tac-toe-js
https://github.com/yashcrest/JavaScript-Quiz-App,yashcrest/JavaScript-Quiz-App
https://github.com/Jdecho1118/Expense-Tracker,Jdecho1118/Expense-Tracker
https://github.com/pranjay-poddar/Covinex,pranjay-poddar/Covinex
https://github.com/WebDevSimplified/Vanilla-JavaScript-Calculator,WebDevSimplified/Vanilla-JavaScript-Calculator
https://github.com/web-animations/web-animations-js,web-animations/web-animations-js
https://github.com/aaarafat/JS-Flappy-Bird,aaarafat/JS-Flappy-Bird
https://github.com/mohdriyaan/snake-game,mohdriyaan/snake-game
https://github.com/husseinaltaaf/Maze-Game-JavaScript,husseinaltaaf/Maze-Game-JavaScript
https://github.com/heremaps/maps-api-for-javascript-examples,heremaps/maps-api-for-javascript-examples
https://github.com/RichardJamesWard/JS-Random-Quote-Generator,RichardJamesWard/JS-Random-Quote-Generator
https://github.com/romeojeremiah/javascript-light-switch-project,romeojeremiah/javascript-light-switch-project
https://github.com/ayushichoudhary-19/SudokuSolver,ayushichoudhary-19/SudokuSolver
https://github.com/ai/nanoid,ai/nanoid
https://github.com/prettier/prettier,prettier/prettier
https://github.com/harshshah1306/Online-Banking-System,harshshah1306/Online-Banking-System
https://github.com/yojoecool/SpaceInvaders,yojoecool/SpaceInvaders
https://github.com/taniarascia/memory,taniarascia/memory
https://github.com/git-vaibhav30/Drum-Kit,git-vaibhav30/Drum-Kit
https://github.com/GovindCodes/ColorGame,GovindCodes/ColorGame
https://github.com/Hashuudev/Dice-Game,Hashuudev/Dice-Game
https://github.com/codewithsadee/music-player,codewithsadee/music-player
https://github.com/nidhiupman568/TIP-CALCULATOR-HTML-CSS-JS-,nidhiupman568/TIP-CALCULATOR-HTML-CSS-JS-
https://github.com/katecoded/color-palette-app,katecoded/color-palette-app
https://github.com/Alexoid1/Virtual-Drum,Alexoid1/Virtual-Drum
https://github.com/dice-roller/rpg-dice-roller,dice-roller/rpg-dice-roller
https://github.com/Prince-Shivaram/Simple-Weather-App,Prince-Shivaram/Simple-Weather-App
https://github.com/samruddhisomani/js-hangman,samruddhisomani/js-hangman
https://github.com/PawanSirsat/SplitWise,PawanSirsat/SplitWise
https://github.com/cdclaw/patatap-game,cdclaw/patatap-game
https://github.com/surishortlink/suri,surishortlink/suri
https://github.com/RahulBRB/ID-Card-Generator,RahulBRB/ID-Card-Generator
https://github.com/nathanifill/movie-seat-booking,nathanifill/movie-seat-booking
Real Time Currency Converter,
https://github.com/kubowania/whac-a-mole,kubowania/whac-a-mole
https://github.com/jeskodes/word-scramble,jeskodes/word-scramble
https://github.com/chauhan-hardik/Rock-Paper-Scissors,chauhan-hardik/Rock-Paper-Scissors
https://github.com/AbinandhMJ/BMI-Calculator,AbinandhMJ/BMI-Calculator
https://github.com/ryanbyrne28/project-1,ryanbyrne28/project-1
https://github.com/sanjudhritlahre/JS-CountDown-Timer,sanjudhritlahre/JS-CountDown-Timer
https://github.com/AchillesKarki/fruits-slice-game,AchillesKarki/fruits-slice-game
https://github.com/Rajnandanibais/seatbookingapp,Rajnandanibais/seatbookingapp
https://github.com/fakegeek/Chinese-Checkers,fakegeek/Chinese-Checkers
https://github.com/adnanaheer/hoverboard-with-javascript,adnanaheer/hoverboard-with-javascript
https://github.com/Sight-Innovation/Auto-TimeTable-Generator-for-Schools,Sight-Innovation/Auto-TimeTable-Generator-for-Schools
https://github.com/refinedguides/testimonial-slider,refinedguides/testimonial-slider
https://github.com/bradtraversy/firebasecontact,bradtraversy/firebasecontact
https://github.com/ajvillegas/crossword-solver,ajvillegas/crossword-solver
https://github.com/ShaifArfan/react-todo-app,ShaifArfan/react-todo-app
https://github.com/s-shemmee/React-Weather-App,s-shemmee/React-Weather-App
https://github.com/itisameerkhan/react-recipe-app,itisameerkhan/react-recipe-app
https://github.com/ssahibsingh/React_E-Commerce,ssahibsingh/React_E-Commerce
https://github.com/ankitious/github-issues-page?tab=readme-ov-file,ankitious/github-issues-page?tab=readme-ov-file
https://github.com/yashbhanu/CineMatix-Entertainment-App-ReactJS,yashbhanu/CineMatix-Entertainment-App-ReactJS
https://github.com/Subhampreet/Github-Profile-Finder-ReactJS,Subhampreet/Github-Profile-Finder-ReactJS
https://github.com/onamkrverma/okv-music,onamkrverma/okv-music
https://github.com/alimazhar4/Live-Crypto-Price-Tracker-in-React,alimazhar4/Live-Crypto-Price-Tracker-in-React
https://github.com/bradtraversy/github-finder,bradtraversy/github-finder
https://github.com/autumnchris/random-quote-machine-reactjs,autumnchris/random-quote-machine-reactjs
https://github.com/waseemhnyc/LinkedIn-to-Portfolio-Site-Generator,waseemhnyc/LinkedIn-to-Portfolio-Site-Generator
https://github.com/JosinJojy/Netflix-reactjs,JosinJojy/Netflix-reactjs
https://github.com/DulanjaliSenarathna/react-chat-app,DulanjaliSenarathna/react-chat-app
https://github.com/allsimpledevcode/my-diaries-front-end,allsimpledevcode/my-diaries-front-end
https://github.com/shakti1590/React-Calculator,shakti1590/React-Calculator
https://github.com/PragatiVerma18/Emoji-Search,PragatiVerma18/Emoji-Search
https://github.com/Yog9/SnapShot,Yog9/SnapShot
https://github.com/AnithaGunasekaran/react-bmi-calculator,AnithaGunasekaran/react-bmi-calculator
https://github.com/Rahul-Pandey7/react-image-compressor,Rahul-Pandey7/react-image-compressor
https://github.com/mohd-ravish/Hostel-Management-In-React,mohd-ravish/Hostel-Management-In-React
https://github.com/awran5/react-typing-speed-test-game,awran5/react-typing-speed-test-game
https://github.com/VINAYAK9669/React-QuizApp,VINAYAK9669/React-QuizApp
https://github.com/DevlinRocha/uber-clone,DevlinRocha/uber-clone
https://github.com/CleverProgrammer/airbnb-clone,CleverProgrammer/airbnb-clone
https://github.com/Subhampreet/Instagram-Clone-ReactJS,Subhampreet/Instagram-Clone-ReactJS
https://github.com/muga-mark/WhatsApp-Clone-React,muga-mark/WhatsApp-Clone-React
https://github.com/TusharKukra/Facebook-Clone-ReactJS,TusharKukra/Facebook-Clone-ReactJS
https://github.com/bradtraversy/simple_react_pagination,bradtraversy/simple_react_pagination
https://github.com/esadakman/reactjs-digital-clock,esadakman/reactjs-digital-clock
https://github.com/GabrielMioni/react-checkers,GabrielMioni/react-checkers
https://github.com/Pavan-Kiran-Chidirala/reactmatchgameappjs,Pavan-Kiran-Chidirala/reactmatchgameappjs
https://github.com/SahilAggarwal2004/react-text-to-speech,SahilAggarwal2004/react-text-to-speech
https://github.com/AkshataGanbote/Text-Utility-App,AkshataGanbote/Text-Utility-App
https://github.com/minnukota381/Fitness-Tracking-App-UI-React,minnukota381/Fitness-Tracking-App-UI-React
https://github.com/hhhrrrttt222111/handReacting,hhhrrrttt222111/handReacting
https://github.com/SashenJayathilaka/Reddit-Clone,SashenJayathilaka/Reddit-Clone
https://github.com/TowhidKashem/snapchat-clone,TowhidKashem/snapchat-clone
https://github.com/ninalouw/health-tracker-react,ninalouw/health-tracker-react
https://github.com/MarioWork/react-meme-generator,MarioWork/react-meme-generator
https://github.com/kennys-tech/react-youtube-clone,kennys-tech/react-youtube-clone
https://github.com/saikat021/Library-Management-System,saikat021/Library-Management-System
https://github.com/mtaghavian/simple-chat,mtaghavian/simple-chat
https://github.com/dayalupatel/eWallet,dayalupatel/eWallet
https://github.com/tuhinsaikh/Online-Shopping-App-SpringBoot-,tuhinsaikh/Online-Shopping-App-SpringBoot-
https://github.com/Saad1929/Employee-Management-System,Saad1929/Employee-Management-System
https://github.com/AAdewunmi/Employee-Payroll-Management-System,AAdewunmi/Employee-Payroll-Management-System
https://github.com/WebDesgns/Flight-Management-System,WebDesgns/Flight-Management-System
https://github.com/nfahlgren/plant_scientists_support_gmo/tree/master/data,nfahlgren/plant_scientists_support_gmo
https://github.com/VerisimilitudeX/DNAnalyzer,VerisimilitudeX/DNAnalyzer
https://github.com/assistant-ui/assistant-ui,assistant-ui/assistant-ui
https://github.com/k3nnywilliam/climate-change-food-supply,k3nnywilliam/climate-change-food-supply
https://github.com/AR10X/data-analysis,AR10X/data-analysis
https://github.com/eslamaboushashaa/Generating-Keywords-for-Google-Ads,eslamaboushashaa/Generating-Keywords-for-Google-Ads
https://github.com/deepak2233/Traffic-Signs-Recognition-using-CNN-Keras,deepak2233/Traffic-Signs-Recognition-using-CNN-Keras
https://github.com/mayursatav/Wine-Quality-Prediction,mayursatav/Wine-Quality-Prediction
https://github.com/Vatshayan/Final-Year-Machine-Learning-Stock-Price-Prediction-Project,Vatshayan/Final-Year-Machine-Learning-Stock-Price-Prediction-Project
https://github.com/nishitpatel01/Fake_News_Detection,nishitpatel01/Fake_News_Detection
https://github.com/HHTseng/video-classification,HHTseng/video-classification
https://github.com/nikhilkr31/human-action-recognition,nikhilkr31/human-action-recognition
https://github.com/vysakh10/Medical-Report-Generation-using-Deep-Learning,vysakh10/Medical-Report-Generation-using-Deep-Learning
https://github.com/SimarjotKaur/Email-Classifier,SimarjotKaur/Email-Classifier
https://github.com/Unnati0104/Uber-Data-Analysis,Unnati0104/Uber-Data-Analysis
https://github.com/abishek-as/Audio-Classification-Deep-Learning,abishek-as/Audio-Classification-Deep-Learning
https://github.com/shakiliitju/Credit-Card-Fraud-Detection-Using-Machine-Learning,shakiliitju/Credit-Card-Fraud-Detection-Using-Machine-Learning
https://github.com/AvishakeAdhikary/Realtime-Sign-Language-Detection-Using-LSTM-Model,AvishakeAdhikary/Realtime-Sign-Language-Detection-Using-LSTM-Model
https://github.com/Apaulgithub/oibsip_taskno1,Apaulgithub/oibsip_taskno1
https://github.com/manishsingh7163/Color-Detection,manishsingh7163/Color-Detection
https://github.com/Architectshwet/Loan-prediction-using-Machine-Learning-and-Python,Architectshwet/Loan-prediction-using-Machine-Learning-and-Python
https://github.com/atharva-hukkeri/Traffic-Prediction-using-Machine-Learning,atharva-hukkeri/Traffic-Prediction-using-Machine-Learning
https://github.com/semasuka/Income-classification,semasuka/Income-classification
https://github.com/MiteshPuthran/Speech-Emotion-Analyzer,MiteshPuthran/Speech-Emotion-Analyzer
https://github.com/ptbailey/Speaker-Recognition,ptbailey/Speaker-Recognition
https://github.com/asim5800/Retail-Sales-Prediction,asim5800/Retail-Sales-Prediction
https://github.com/guptaharshnavin/Parkinson-Disease-Detection,guptaharshnavin/Parkinson-Disease-Detection
https://github.com/saniyaparveez/Air_pollution_prediction,saniyaparveez/Air_pollution_prediction
https://github.com/smahesh29/Gender-and-Age-Detection,smahesh29/Gender-and-Age-Detection
https://github.com/sukesh-reddy/Retail-Price-Optimization-,sukesh-reddy/Retail-Price-Optimization-
https://github.com/Eakta08/Breast-Cancer-Prediction,Eakta08/Breast-Cancer-Prediction
https://github.com/Ahad-Al-Seraihi/COVID-19-World-Vaccination-Progress,Ahad-Al-Seraihi/COVID-19-World-Vaccination-Progress
https://github.com/allanphil/Credit-Score-Classification,allanphil/Credit-Score-Classification
https://github.com/rudrajikadra/Movie-Recommendation-System-Using-Python-and-Pandas,rudrajikadra/Movie-Recommendation-System-Using-Python-and-Pandas
https://github.com/ghimohammadr/Real-time-traffic-prediction,ghimohammadr/Real-time-traffic-prediction
https://github.com/IEEE-NITK/Image_Captioning,IEEE-NITK/Image_Captioning
https://github.com/dprasuna/Web-Based-Dsa-Tracker,dprasuna/Web-Based-Dsa-Tracker
https://github.com/sassoftware/iot-tracking-social-distancing-computer-vision,sassoftware/iot-tracking-social-distancing-computer-vision
https://github.com/CODERdotEXE/patient-health-monitoring-IOT,CODERdotEXE/patient-health-monitoring-IOT
https://github.com/Pooja123667/DSCWOW_Manhole-monitoring-system,Pooja123667/DSCWOW_Manhole-monitoring-system
https://github.com/Abhirambs-08/IOT-Based-Smart-Energy-Meter-BEC,Abhirambs-08/IOT-Based-Smart-Energy-Meter-BEC
https://github.com/avimagar/Smart-Gas-Leak-Detector,avimagar/Smart-Gas-Leak-Detector
https://github.com/ankitsagar/Smart-Agriculture,ankitsagar/Smart-Agriculture
https://github.com/syedissambukhari/IoT-Based-Automatic-Accident-Detection-And-Rescue-system,syedissambukhari/IoT-Based-Automatic-Accident-Detection-And-Rescue-system
https://github.com/Alok2580/IoT-based-Smart-Coal-Mining-Safety-and-Alerting-System,Alok2580/IoT-based-Smart-Coal-Mining-Safety-and-Alerting-System
https://github.com/Ashithaby/IoT-based-low-cost-ECG-and-heart-monitoring-system-with-ESP32,Ashithaby/IoT-based-low-cost-ECG-and-heart-monitoring-system-with-ESP32
https://github.com/Rashmika-B/IoT-based-Weather-Reporting-System,Rashmika-B/IoT-based-Weather-Reporting-System
https://github.com/roycuadra/IoT-based-flood-detection-system,roycuadra/IoT-based-flood-detection-system
https://github.com/cloudwithtanvir/An-Android-Based-IoT-System-for-Garbage-Monitoring,cloudwithtanvir/An-Android-Based-IoT-System-for-Garbage-Monitoring
https://github.com/rakshixh/Samraksh,rakshixh/Samraksh
https://github.com/vatsal2210/IoT-Robot,vatsal2210/IoT-Robot
https://github.com/selvinsalve/IOT-MINING-TRACKING-AND-WORKER-SAFETY-HELMENT,selvinsalve/IOT-MINING-TRACKING-AND-WORKER-SAFETY-HELMENT
https://github.com/h3xb1n/IoT-Based-Smart-Energy-Meter,h3xb1n/IoT-Based-Smart-Energy-Meter
https://github.com/bharathrede/IOT-Industry-Protection-using-Arduino,bharathrede/IOT-Industry-Protection-using-Arduino
https://github.com/varadgujar20/Color-Sorting-Machine-IOT-Based-Project-,varadgujar20/Color-Sorting-Machine-IOT-Based-Project-
https://github.com/20MH1A04H9/IOT_PROJECT,20MH1A04H9/IOT_PROJECT
https://github.com/aanandpant/IOT-based-smart-mirror,aanandpant/IOT-based-smart-mirror
https://github.com/hegdepavankumar/smart-garbage-monitoring-system-using-iot,hegdepavankumar/smart-garbage-monitoring-system-using-iot
https://github.com/redhat-iot/iot-assettracking-demo,redhat-iot/iot-assettracking-demo
https://github.com/YAGNESHPALLERLA/IoT-Based-ICU-Patient-Monitor-System,YAGNESHPALLERLA/IoT-Based-ICU-Patient-Monitor-System
https://github.com/Henil24G/FYP_VIT,Henil24G/FYP_VIT
https://github.com/rgc99/irrigation_unlimited,rgc99/irrigation_unlimited
https://github.com/MicrochipTech/iot_solutions_for_smart_garage_door_opener,MicrochipTech/iot_solutions_for_smart_garage_door_opener
https://github.com/amalpoulose/Home-Automation-using-RaspberryPi-IOT,amalpoulose/Home-Automation-using-RaspberryPi-IOT
https://github.com/asadacn/IoT_based_health_monitoring_system,asadacn/IoT_based_health_monitoring_system
https://github.com/vinitshahdeo/Water-Monitoring-System,vinitshahdeo/Water-Monitoring-System
https://github.com/hegdepavankumar/smart-garbage-monitoring-system-using-iot,hegdepavankumar/smart-garbage-monitoring-system-using-iot
https://github.com/abhijain2472/IoT-Smart-Home-Automation,abhijain2472/IoT-Smart-Home-Automation
https://github.com/automagica/automagica,automagica/automagica
https://github.com/vernemq/vernemq,vernemq/vernemq
https://github.com/Rashmika-B/IoT-based-Weather-Reporting-System,Rashmika-B/IoT-based-Weather-Reporting-System
https://github.com/bhavesh-asana/Antenna-Positioning-System,bhavesh-asana/Antenna-Positioning-System
https://github.com/SumaitaB/Arduino-IoT-based-Fire-Alert-System,SumaitaB/Arduino-IoT-based-Fire-Alert-System
https://github.com/CJG1410/IoT-Solar-Power-Monitoring-and-Management-System,CJG1410/IoT-Solar-Power-Monitoring-and-Management-System
https://github.com/sowwnn/Smart-street-light-control-system--IoT,sowwnn/Smart-street-light-control-system--IoT
https://github.com/keerthana1003/IoT-Project,keerthana1003/IoT-Project
https://github.com/KarthikT23/Raspberry-Pi-Industrial-IoT,KarthikT23/Raspberry-Pi-Industrial-IoT
https://github.com/timotheengineer/IOT_UNDERGROUND-FAULT-LOCATION-AND-DETECTION,timotheengineer/IOT_UNDERGROUND-FAULT-LOCATION-AND-DETECTION
https://github.com/MohanVallivedu/Remote-monitoring-of-Air-and-sound-pollution-IOT,MohanVallivedu/Remote-monitoring-of-Air-and-sound-pollution-IOT
https://github.com/arungeekay/Iot-based-wheelchair-mounted-fall-detection-and-health-monitoring-system,arungeekay/Iot-based-wheelchair-mounted-fall-detection-and-health-monitoring-system
https://github.com/HackwithArpon/Iot-Based_Patient-Health-Monitoring-System-,HackwithArpon/Iot-Based_Patient-Health-Monitoring-System-
https://github.com/NuzhatJabeen/IoT-Based-Heart-Attack-Detection-and-Heart-Rate-Monitoring-System-,NuzhatJabeen/IoT-Based-Heart-Attack-Detection-and-Heart-Rate-Monitoring-System-
https://github.com/fahimshahrierrasel/toll_management_iot,fahimshahrierrasel/toll_management_iot
https://github.com/mostafaaboseif/IOT-Theft-Detection-using-RaspberryPi,mostafaaboseif/IOT-Theft-Detection-using-RaspberryPi
https://github.com/karthiknbharadwaj/Flood-Detection-and-Prediction-using-IOT-Data-Analytics,karthiknbharadwaj/Flood-Detection-and-Prediction-using-IOT-Data-Analytics
https://github.com/durjoysarkardhrubo/Smart-Door-Locking-System-Using-IoT,durjoysarkardhrubo/Smart-Door-Locking-System-Using-IoT
https://github.com/AmruthaRajsheker/IoT-Temperature-Based-Automatic-Fan-Speed-Control-and-Monitoring-System,AmruthaRajsheker/IoT-Temperature-Based-Automatic-Fan-Speed-Control-and-Monitoring-System
https://github.com/mb11797/Spreadsheet-Excel-Clone-using-Electron-and-NodeJS?tab=readme-ov-file,mb11797/Spreadsheet-Excel-Clone-using-Electron-and-NodeJS?tab=readme-ov-file
https://github.com/preeti09011999/VSCode-Clone,preeti09011999/VSCode-Clone
https://github.com/milankrushna/zoom-meeting-electron-app,milankrushna/zoom-meeting-electron-app
https://github.com/dharshakch97/sort-visualizer,dharshakch97/sort-visualizer
https://github.com/khalidsaifullaah/pathfinding-visualizer,khalidsaifullaah/pathfinding-visualizer
https://github.com/YeyoM/mazeSolver,YeyoM/mazeSolver
https://github.com/SubhradeepSS/Exam_Portal ,SubhradeepSS/Exam_Portal 
https://github.com/venugopalkadamba/Movie-Recommendation-System-ML-React-Flask,venugopalkadamba/Movie-Recommendation-System-ML-React-Flask
https://github.com/Vivek-Kamboj/Crowd_funding,Vivek-Kamboj/Crowd_funding
https://github.com/ravigithub19/payment-gateway-integration  ,ravigithub19/payment-gateway-integration  
https://github.com/shubho0908/Amazon-clone,shubho0908/Amazon-clone
https://github.com/nimone/Fashion-Store,nimone/Fashion-Store
https://github.com/koushil-mankali/blog-content-management-system,koushil-mankali/blog-content-management-system
https://github.com/enatega/food-delivery-singlevendor,enatega/food-delivery-singlevendor
https://github.com/DebjitPramanick/Polling-App,DebjitPramanick/Polling-App
https://github.com/topics/mern-social-media-app,topics/mern-social-media-app
https://github.com/topics/tourist-guide,topics/tourist-guide
https://github.com/mah-shamim/simple-guestbook-application,mah-shamim/simple-guestbook-application
https://github.com/Denmlak/PHP-TO-DO-List,Denmlak/PHP-TO-DO-List
https://github.com/amirhamza05/Student-Management-System,amirhamza05/Student-Management-System
https://github.com/satnaing/shadcn-admin,satnaing/shadcn-admin
https://github.com/JackWorld99/MERN-User-Management-System,JackWorld99/MERN-User-Management-System
https://github.com/winster/vqms,winster/vqms
https://github.com/ajaybor0/MERN-eCommerce,ajaybor0/MERN-eCommerce
https://github.com/Pika003/e-Learning-Platform,Pika003/e-Learning-Platform
https://github.com/MohdSaif-1807/Agri-Assist-Project,MohdSaif-1807/Agri-Assist-Project
https://github.com/nil1729/contact-keeper,nil1729/contact-keeper
https://github.com/Pika003/e-Learning-Platform,Pika003/e-Learning-Platform
https://github.com/akarsh-jain-790/CharityConnect,akarsh-jain-790/CharityConnect
https://github.com/arunopal/react-notes-app,arunopal/react-notes-app
https://github.com/A4ANK/Fake-Product-Identification,A4ANK/Fake-Product-Identification
https://github.com/Krish-Depani/Decentralized-Voting-System,Krish-Depani/Decentralized-Voting-System
https://github.com/IBM/build-blockchain-insurance-app,IBM/build-blockchain-insurance-app
https://github.com/prateeshreddy/blockchain-finance,prateeshreddy/blockchain-finance
https://github.com/ruchi26/Blockchain-based-Decentralized-File-Sharing-System-using-IPFS,ruchi26/Blockchain-based-Decentralized-File-Sharing-System-using-IPFS
https://github.com/maddydevgits/government-fund-allocation-tracking-system-blockchain,maddydevgits/government-fund-allocation-tracking-system-blockchain
https://github.com/codingBeast25/Blockchain-based-File-Storage,codingBeast25/Blockchain-based-File-Storage
https://github.com/harshagr18/CharityBlockchain,harshagr18/CharityBlockchain
https://github.com/ashishlamsal/voting-dapp,ashishlamsal/voting-dapp
https://github.com/vrii14/Land-Registration-with-Blockchain,vrii14/Land-Registration-with-Blockchain
https://github.com/jibolagithub/Blockchain-Based-personal-identity-security-system,jibolagithub/Blockchain-Based-personal-identity-security-system
https://github.com/Faizack/Supply-Chain-Blockchain,Faizack/Supply-Chain-Blockchain
https://github.com/IBM/Medical-Blockchain,IBM/Medical-Blockchain
https://github.com/shreys7/django-todo,shreys7/django-todo
https://github.com/vinit-modi/Django-Password-Generator,vinit-modi/Django-Password-Generator
https://github.com/BurhanMohammad/Django-Portfolio-website,BurhanMohammad/Django-Portfolio-website
https://github.com/ShivamRohilllaa/rock-paper-scissors,ShivamRohilllaa/rock-paper-scissors
https://github.com/mohdishaq786/Django-Billing-system,mohdishaq786/Django-Billing-system
https://github.com/bhaskars9/bookmyticket,bhaskars9/bookmyticket
https://github.com/sukanya-pai/Django-Email-Sender,sukanya-pai/Django-Email-Sender
https://github.com/shubham17sm/web-scraping-django,shubham17sm/web-scraping-django
https://github.com/ramshree/palindromer-checker,ramshree/palindromer-checker
https://github.com/jntushar/Sorting-Visualizer,jntushar/Sorting-Visualizer
https://github.com/arianshnsz/Django-Task-Reminder,arianshnsz/Django-Task-Reminder
https://github.com/ashutoshkrris/PyWisher,ashutoshkrris/PyWisher
https://github.com/sagargoswami2001/Snake-Water-Gun,sagargoswami2001/Snake-Water-Gun
https://github.com/vintasoftware/django-ai-assistant/,vintasoftware/django-ai-assistant
https://github.com/BurhanMohammad/Django-Calculator,BurhanMohammad/Django-Calculator
https://github.com/rishi772001/Django-MongoDb-CRUD-RESTAPI,rishi772001/Django-MongoDb-CRUD-RESTAPI
https://github.com/nitish-gautam/django-calorie-tracker,nitish-gautam/django-calorie-tracker
https://github.com/jobic10/student-management-using-django,jobic10/student-management-using-django
https://github.com/Ronik22/Django_Social_Network_App,Ronik22/Django_Social_Network_App
https://github.com/django-cms/django-cms,django-cms/django-cms
https://github.com/ramanbansal9876/Tic-Tac-Toe-Game-using-Cpp,ramanbansal9876/Tic-Tac-Toe-Game-using-Cpp
https://github.com/jironghuang/chess,jironghuang/chess
https://github.com/abdulsamie10/Library-Management-System,abdulsamie10/Library-Management-System
https://github.com/krshrimali/CPP-File-Manager,krshrimali/CPP-File-Manager
https://github.com/TzeYuan14/Food-Ordering-System,TzeYuan14/Food-Ordering-System
https://github.com/ali-soban/alumni_management_system_cpp,ali-soban/alumni_management_system_cpp
https://github.com/DhanushAnbalagan/Gym-Management-System,DhanushAnbalagan/Gym-Management-System
https://github.com/aniketpathak028/File-Compressor,aniketpathak028/File-Compressor
https://github.com/burakssen/minesweeper,burakssen/minesweeper
https://github.com/herzhenr/simple-wake-on-lan,herzhenr/simple-wake-on-lan
https://github.com/Nirbhay-Gaur/ride-o-meter,Nirbhay-Gaur/ride-o-meter
https://github.com/kashishahuja2002/Teachers-Attendance-Management-System,kashishahuja2002/Teachers-Attendance-Management-System
https://github.com/KaranJagtiani/Snake-Game-in-CPP,KaranJagtiani/Snake-Game-in-CPP
https://github.com/informramiz/opencv-face-recognition-python,informramiz/opencv-face-recognition-python
https://github.com/Vaibhavabhaysharma/Magic-8-Ball-Game-by-Python/tree/master,Vaibhavabhaysharma/Magic-8-Ball-Game-by-Python
https://github.com/dhhruv/Sudoku-Solver,dhhruv/Sudoku-Solver
https://github.com/prathameshparit/Ping-Pong-Game,prathameshparit/Ping-Pong-Game
https://github.com/jayantjain100/Augmented-Reality,jayantjain100/Augmented-Reality
https://github.com/YarinCodes/auto-zoom-meetings-join,YarinCodes/auto-zoom-meetings-join
https://github.com/Rupa-Veerala/Secret-Message-Encryption-Decryption-using-Python,Rupa-Veerala/Secret-Message-Encryption-Decryption-using-Python
https://github.com/ashutoshkrris/Virtual-Personal-Assistant-using-Python,ashutoshkrris/Virtual-Personal-Assistant-using-Python
https://github.com/Mahitej28/Random-Quote-Generator,Mahitej28/Random-Quote-Generator
https://github.com/tombh/Python-Stuff/tree/master/Numer%20Guessing%20Game,tombh/Python-Stuff
https://github.com/meet244/Hangman-game,meet244/Hangman-game
https://github.com/aqeelanwar/Tic-Tac-Toe,aqeelanwar/Tic-Tac-Toe
https://github.com/pranjal-joshi/Screeni-py,pranjal-joshi/Screeni-py
https://github.com/Ramesh-Bhutka/-Python-Random-Password-Generator-,Ramesh-Bhutka/-Python-Random-Password-Generator-
https://www.youtube.com/watch?v=FDEyZqXBEew,watch?v=FDEyZqXBEew
https://github.com/SamarpanCoder2002/Stack-Visualizer,SamarpanCoder2002/Stack-Visualizer
https://github.com/problemsolvewithridoy/Phone-number-location-tracker-using-python,problemsolvewithridoy/Phone-number-location-tracker-using-python
https://github.com/izicodes/Py-Story-Generator ; https://github.com/e-tornike/Story_Generator,izicodes/Py-Story-Generator ; https:
https://github.com/kunzbhatia/Library-Management-System,kunzbhatia/Library-Management-System
https://github.com/SamarpanCoder2002/Binary-Search-Tree-Visualizer,SamarpanCoder2002/Binary-Search-Tree-Visualizer
https://github.com/mansiag/Ludo,mansiag/Ludo
https://github.com/SamarpanCoder2002/Searching-Algo-Visualizer,SamarpanCoder2002/Searching-Algo-Visualizer
https://github.com/SamarpanCoder2002/Graph-Traversing-Visualizer,SamarpanCoder2002/Graph-Traversing-Visualizer
https://github.com/SamarpanCoder2002/Circular-Queue-Visualizer,SamarpanCoder2002/Circular-Queue-Visualizer
https://github.com/SamarpanCoder2002/Singly-Link-List-Visualizer,SamarpanCoder2002/Singly-Link-List-Visualizer
https://github.com/das88768/music-player,das88768/music-player
https://github.com/gerardo5797/PythonCurrencyConverter,gerardo5797/PythonCurrencyConverter
https://github.com/lincolnloop/python-qrcode,lincolnloop/python-qrcode
https://github.com/alexandsquirrel/cone-detection,alexandsquirrel/cone-detection
https://github.com/Mahitej28/Random-Quote-Generator,Mahitej28/Random-Quote-Generator
https://github.com/sagargoswami2001/Snake-Water-Gun,sagargoswami2001/Snake-Water-Gun
https://github.com/amitt001/pygmy,amitt001/pygmy
https://github.com/pytube/pytube,pytube/pytube
https://github.com/yurilaaziz/log-analyzer,yurilaaziz/log-analyzer
https://stackoverflow.com/questions/22824621/custom-csv-parser,questions/22824621
https://github.com/ArtifexSoftware/pdf2docx,ArtifexSoftware/pdf2docx
https://github.com/deepakpadhi986/AI-Resume-Analyzer,deepakpadhi986/AI-Resume-Analyzer
https://github.com/tushar-2223/Hotel-Management-System,tushar-2223/Hotel-Management-System
https://github.com/Vatshayan/Face-recognition-Attendance-System-Project,Vatshayan/Face-recognition-Attendance-System-Project
https://github.com/gaganmanku96/Finding-missing-person-using-AI,gaganmanku96/Finding-missing-person-using-AI
https://github.com/navassherif98/Recipe-Generation-from-Food-Image,navassherif98/Recipe-Generation-from-Food-Image
https://github.com/Viral-Doshi/Gesture-Controlled-Virtual-Mouse,Viral-Doshi/Gesture-Controlled-Virtual-Mouse
https://github.com/pally2409/Attendance-Management-System,pally2409/Attendance-Management-System
https://github.com/AHBRIJESH/Calculator-Using-java,AHBRIJESH/Calculator-Using-java
https://github.com/harismuneer/Library-Management-System-JAVA,harismuneer/Library-Management-System-JAVA
https://github.com/sahiljagtap08/Payroll-System-JAVA,sahiljagtap08/Payroll-System-JAVA
https://github.com/rgovil17/Email-Administration-Application,rgovil17/Email-Administration-Application
https://github.com/asadkhan-786-gb/Symmetric-Encryption-Cryptography-in-Java,asadkhan-786-gb/Symmetric-Encryption-Cryptography-in-Java
https://github.com/janbodnar/Java-Snake-Game,janbodnar/Java-Snake-Game
https://github.com/ImKennyYip/tictactoe-java,ImKennyYip/tictactoe-java
https://github.com/meetttttt/Sentiment-Analysis-in-R-programming,meetttttt/Sentiment-Analysis-in-R-programming
https://github.com/AmirMotefaker/Uber-Data-Analysis,AmirMotefaker/Uber-Data-Analysis
https://github.com/Rpita623/Movie-Recommendation-System-using-R_Project,Rpita623/Movie-Recommendation-System-using-R_Project
https://github.com/aimee0317/customer-segmentation-R,aimee0317/customer-segmentation-R
https://github.com/shalakasaraogi/credit-card-fraud-detection/tree/main,shalakasaraogi/credit-card-fraud-detection
https://github.com/rohanrao619/Library_Management_Android_App,rohanrao619/Library_Management_Android_App
https://github.com/gmathi/NovelLibrary,gmathi/NovelLibrary
https://github.com/HassamTalha/Amaan-Women-Safety-App,HassamTalha/Amaan-Women-Safety-App
https://github.com/CheezyCode/YetAnotherNotesApp,CheezyCode/YetAnotherNotesApp
https://github.com/codepath/android_snake_game,codepath/android_snake_game
https://github.com/alireza4585/Flutter-Shopping-App,alireza4585/Flutter-Shopping-App
https://github.com/VadimBoev/FlappyBird,VadimBoev/FlappyBird
https://github.com/Adw41t/Simple_Alarm_Clock,Adw41t/Simple_Alarm_Clock
https://github.com/stevdza-san/Stopwatch-Android-App,stevdza-san/Stopwatch-Android-App
https://github.com/SimpleMobileTools/Simple-Calendar,SimpleMobileTools/Simple-Calendar
https://github.com/SekhGulamMainuddin/WhatsAppCloneFlutter,SekhGulamMainuddin/WhatsAppCloneFlutter
https://github.com/Chevinjeon/TwitterClone,Chevinjeon/TwitterClone
https://github.com/mitchtabian/Android-Instagram-Clone,mitchtabian/Android-Instagram-Clone
https://github.com/dev-aniketj/WeatherApp-Android,dev-aniketj/WeatherApp-Android
https://github.com/hellosagar/Quiz-App,hellosagar/Quiz-App
https://github.com/rehmanis/stocks-android,rehmanis/stocks-android
https://github.com/SDA-SE/document-scanner-android,SDA-SE/document-scanner-android
https://github.com/RodriguezDev/reddit-clone,RodriguezDev/reddit-clone
https://github.com/waseefakhtar/dose-android,waseefakhtar/dose-android
https://github.com/forzzzzz/Calculator-You,forzzzzz/Calculator-You
https://github.com/laurensV/Hangman,laurensV/Hangman
https://github.com/homielab/audiobookapp,homielab/audiobookapp
https://github.com/simonoppowa/OpenNutriTracker,simonoppowa/OpenNutriTracker
https://github.com/CristianoYL/RestaurantAndroidApp,CristianoYL/RestaurantAndroidApp
https://github.com/Abhishek111883/Android-project,Abhishek111883/Android-project
https://github.com/Hash-Studios/e-learning-app,Hash-Studios/e-learning-app
https://github.com/Vedanth29/First-Aid-App-AndroidProject-,Vedanth29/First-Aid-App-AndroidProject-
https://github.com/Fitness-Guys/Fitness-Tracker-App,Fitness-Guys/Fitness-Tracker-App
https://github.com/RivaanRanawat/notefynd,RivaanRanawat/notefynd
https://github.com/rdowdle10/InstaBuy/tree/master,rdowdle10/InstaBuy
https://github.com/journeyapps/zxing-android-embedded,journeyapps/zxing-android-embedded
https://github.com/atharvakale31/Real-Time_Face_Recognition_Android,atharvakale31/Real-Time_Face_Recognition_Android
https://github.com/keerthivasaa/Blog-App-in-Android-Studio,keerthivasaa/Blog-App-in-Android-Studio
https://github.com/Tauseef-Hilal/WhatsUp,Tauseef-Hilal/WhatsUp
https://github.com/Aayush-Gangwar/Living-Dead-Fps_3d_shooting-game,Aayush-Gangwar/Living-Dead-Fps_3d_shooting-game
https://github.com/sunsided/unity-endless-runner,sunsided/unity-endless-runner
https://github.com/VehanRajintha/Unity-Full-Project-Car-Racing-Game-,VehanRajintha/Unity-Full-Project-Car-Racing-Game-
https://github.com/dreadwing5/laser-warfare-unity,dreadwing5/laser-warfare-unity
https://github.com/arijoon/FreeFall-Unity3D-Game,arijoon/FreeFall-Unity3D-Game
https://github.com/OsmanFrat/doodle-jump-clone,OsmanFrat/doodle-jump-clone
https://github.com/IvoDeK/SimonSays,IvoDeK/SimonSays
https://github.com/ivuecode/TicTacToe,ivuecode/TicTacToe
https://github.com/zigurous/unity-pong-tutorial,zigurous/unity-pong-tutorial
https://github.com/BastiaanOlij/gdprocmesh,BastiaanOlij/gdprocmesh
https://github.com/kenmaz/TempleRun-Unity,kenmaz/TempleRun-Unity
https://github.com/zigurous/unity-snake-tutorial,zigurous/unity-snake-tutorial
https://github.com/Umar-Eh/Sudoku-Unity,Umar-Eh/Sudoku-Unity
https://github.com/zeroboo/stack-game,zeroboo/stack-game
https://github.com/sevketbinali/3D-Survival-Game-Unity,sevketbinali/3D-Survival-Game-Unity
https://github.com/lucasctnh/street-racing-unity,lucasctnh/street-racing-unity
https://github.com/JFroggo-Gaming/Unity-FPS-game,JFroggo-Gaming/Unity-FPS-game
https://github.com/DavBraga/UnityGame-Zelda-Like,DavBraga/UnityGame-Zelda-Like
https://github.com/TU-AI-For-Games/Unity-AI-Pokemon-Clone,TU-AI-For-Games/Unity-AI-Pokemon-Clone
https://github.com/dgkanatsios/MatchThreeGame,dgkanatsios/MatchThreeGame
https://github.com/hyunuk/Tetris,hyunuk/Tetris
https://github.com/MiroslavShard/chemistry-ar,MiroslavShard/chemistry-ar
https://github.com/malithpriyashan/Augmented-reality-book-reading-app,malithpriyashan/Augmented-reality-book-reading-app
https://github.com/rudrajikadra/ARShoot-Game-Markerless-Augmented-Reality-Unity3D-iOS-Android/tree/master,rudrajikadra/ARShoot-Game-Markerless-Augmented-Reality-Unity3D-iOS-Android
https://github.com/epcm18/interactive-book-reader-with-augmented-reality-content,epcm18/interactive-book-reader-with-augmented-reality-content
https://github.com/31Sanskrati/Health-Harbor-AR-app,31Sanskrati/Health-Harbor-AR-app
https://github.com/akshatkverma/ShopOn,akshatkverma/ShopOn
https://github.com/shubhendra-20/AR_Newspaper?tab=readme-ov-file,shubhendra-20/AR_Newspaper?tab=readme-ov-file
https://github.com/ariel-zilber/couch-mirage,ariel-zilber/couch-mirage
https://github.com/iantv/AR-Hair,iantv/AR-Hair
https://github.com/githubharald/SimpleHTR,githubharald/SimpleHTR
https://github.com/arvindsis11/Ai-Healthcare-Chatbot,arvindsis11/Ai-Healthcare-Chatbot
https://github.com/Apaulgithub/oibsip_taskno4,Apaulgithub/oibsip_taskno4
https://github.com/Naveenpandey27/Indian_Election_Sentiment_Analysis_using_NLP,Naveenpandey27/Indian_Election_Sentiment_Analysis_using_NLP
https://github.com/francopiloto/ParkingTicket,francopiloto/ParkingTicket
https://github.com/kevinjosethomas/sign-language-processing,kevinjosethomas/sign-language-processing
https://github.com/RichardRivaldo/Sentiment-Analysis/tree/main,RichardRivaldo/Sentiment-Analysis
https://github.com/William-Laverty/ML-Student-Performance-Predictor,William-Laverty/ML-Student-Performance-Predictor
https://github.com/aakashjhawar/handwritten-digit-recognition,aakashjhawar/handwritten-digit-recognition
https://github.com/jsalbert/Music-Genre-Classification-with-Deep-Learning,jsalbert/Music-Genre-Classification-with-Deep-Learning
https://github.com/mir-aidj/all-in-one/tree/main,mir-aidj/all-in-one
https://github.com/ZSoumia/DCGAN-for-generating-human-faces-/tree/master,ZSoumia/DCGAN-for-generating-human-faces-
https://github.com/LunaticPrakash/Text-Summarization,LunaticPrakash/Text-Summarization
https://github.com/JonathanReeve/workshop-text-analysis-spacy/tree/master,JonathanReeve/workshop-text-analysis-spacy
https://github.com/AabidPatel/Sudoku-Solver-with-OpenCV,AabidPatel/Sudoku-Solver-with-OpenCV
https://github.com/mlsmall/Facial-Expression-Detection,mlsmall/Facial-Expression-Detection
https://github.com/NiveditaSureshK/Geospatial-Analysis/blob/main/Zomato_EDA.ipynb,NiveditaSureshK/Geospatial-Analysis
https://github.com/MohamedAliHabib/Brain-Tumor-Detection,MohamedAliHabib/Brain-Tumor-Detection
https://github.com/sumanismcse/Plant-Disease-Identification-using-CNN,sumanismcse/Plant-Disease-Identification-using-CNN
https://github.com/machowina/CRM,machowina/CRM
https://github.com/Dk35840/bFit-A-Cognitive-Game,Dk35840/bFit-A-Cognitive-Game
https://github.com/HassanAdamm/packet-sniffer,HassanAdamm/packet-sniffer
https://github.com/nitishr7/ISP-Java,nitishr7/ISP-Java
https://github.com/prasadus92/Face-Recognition,prasadus92/Face-Recognition
https://github.com/lucassrg/javawc,lucassrg/javawc
https://github.com/chabedalam11/Exam-Seating-Arrangement-System-Using-JSP-Servlet,chabedalam11/Exam-Seating-Arrangement-System-Using-JSP-Servlet
https://github.com/KZarzour/Password-Generator,KZarzour/Password-Generator
https://github.com/kodekracker/Online-Survey-System,kodekracker/Online-Survey-System
https://github.com/meetakbari/CV-Resume-Builder,meetakbari/CV-Resume-Builder
https://github.com/janbodnar/Java-Snake-Game,janbodnar/Java-Snake-Game
https://github.com/gavalian/groot,gavalian/groot
https://github.com/Adarsh9616/Electricity_Billing_System,Adarsh9616/Electricity_Billing_System
https://github.com/mokarrom/medical-center,mokarrom/medical-center
https://github.com/sonnyhcl/Backend,sonnyhcl/Backend
https://github.com/aryan-khanijo/Bookshop-Management-System-CPP-Project,aryan-khanijo/Bookshop-Management-System-CPP-Project
https://github.com/wkhaliddev/Bank-Management/tree/master/DSAproject,wkhaliddev/Bank-Management
https://github.com/Code-Recursion/Student-Record-Management-System,Code-Recursion/Student-Record-Management-System
https://github.com/JeremyWu917/ContactManagementSystem,JeremyWu917/ContactManagementSystem
https://github.com/Ellie-Y/CarRentalSystem,Ellie-Y/CarRentalSystem
https://github.com/karancodes/credit-card-validator,karancodes/credit-card-validator
https://github.com/AlexIzydorczyk/sudoku,AlexIzydorczyk/sudoku
https://github.com/JulyIghor/QtBitcoinTrader,JulyIghor/QtBitcoinTrader
https://github.com/KevinVillania/Baccarat-Casino-Number-Game,KevinVillania/Baccarat-Casino-Number-Game
https://github.com/whoeverxd/sales,whoeverxd/sales
https://github.com/elador/FeatureDetection,elador/FeatureDetection
https://github.com/christopher-siewert/cpp-calculator,christopher-siewert/cpp-calculator
